file_name,file_path,store_name,address_guess,lat,lng,sign_text,gps_text,combined_text
screenshot_1775011915.png,C:\Users\Admin Data\PycharmProjects\pythonProject1\github\Code_python\venv\POI\screenshot_1775011915.png,| ay +S ee m l 4 ÊN,k.3,,,"-. | ay +S ee
m l 4 :
%
. ÊN
| UO}
hi a .. II ne c ế . N
ệ"" ""ÁÐ- x ¬ .
R a 7 x ee Per đ
.
S
®.
+
ne
b
aN
Ys
x
wr
“A
Ny
zv
t
a
/
%
x
.
oe
à
ee
a
'F
oo
N ; N poe, — ì a Š » .
CN TY Ä 87 pr. _ b l m
"" u H n H HN
— ẤJÃ . .. - Ổ'Ì` ig Ee
-X Ờ NH N u “E45
v
»
$
c.
n ¥
ra,
¢’
`
ees
Ÿ
..
s
B.i
<M
atts
SP
vé |
4
. ...v
’_`x
we
..
vớ 4
G ]
— —
Ka,
I
L
s
i
1
oe
%
r
Sas
aS
se
al
x
-.
¬I
..
.
\
a
“SS
] . ỈL;l'.a.. uo.
4,
gus
et.
- eae o4 “Tage | ay “ean
li
¬“
i u
x e m
>
Abra:
by
we |
GE É
|
l n
ve ce eee: a ee
;
w À
4).
- k.3
jt cite i
N Sa OI i . G xuất kộ
U X b u ome:
m - u ,
» s s n
.. OS: : Ƒ u S
nr a — ba L es ae) Reactor pa
nF == jo bey È E à Í i
age - . -. = - Beh E S L ee H
pe
oe
+7.
MỞ
ì
Is
ae
%
Spe
.
tẠ
è .
=
~
T
⁄
v
I
PL ay -
.
S
x
— ¬~
-A Ị
tes.
ˆ ˆ. L . # A c . „ m
Ae rps . t - x .
Fe pee gt tf _
-. i A .. I H T ce
¬
a
* Se
z
ws
S
tn
Ee
`
RAAT
ự ì
hes
Yes
&
à
wR
xØ ,^
ey
i
aa
~~}
=
I
^ fas
we
x i
&
hes
Ú
‘a
N
`,`
ee
—
⁄
v
J
t
H yee
gy
es
jet
at
¬
Ren
- s 1
r..v
ik
ne) hay. we - Y Ò * B L pr) .”À
. votes wee. . g~Ĩ—_v h: a .ề N * :
- x 4 uỄỆ - rey a Baw
_ . T n ~ i CN 2 ; 5 v
m ye, ab A 3 ey.
vw id ee oie Orne ngxưz
v
SN
a
` ae
ky
¢’
hd
. ..
i
`
L
ey°
vans
N
, #
lAN
y`
- “Me
J
—L eS
Keg
a
vow
s
r
-v
..
ant
ag
%
ae
x
..
x)
2 ue
tt
=p
v
=
\
a
Pad
~
ae
a
cil
iy
H
„ 3
ae
“=e
¢,
on t9
4.
eT
> Dor:
. .. i
d","7 5oaee eeeeeeegeee 55ae
in,ieta
L6ngong,udng3,6iin,
inigtan
5oaee eeeeeee,8oe g oa
in,ieta
a L66ngong,uong3,6iinn,
inigtan
etediiaeet
in,ieta
a L6ngong,udng3,6iin,
giinigtan
aun .
ee , on . aoaao:
oiin,tnanoot
in,ieta
Ldngong,u6ng3,6iin,
eeoLetaen
aaieeene
ee
en5e4
oiin,nanoot
in,ieta
4 Ldngong,udng3,6iin,
inLuoae,
ae","-. | ay +S ee
m l 4 :
%
. ÊN
| UO}
hi a .. II ne c ế . N
ệ"" ""ÁÐ- x ¬ .
R a 7 x ee Per đ
.
S
®.
+
ne
b
aN
Ys
x
wr
“A
Ny
zv
t
a
/
%
x
.
oe
à
ee
a
'F
oo
N ; N poe, — ì a Š » .
CN TY Ä 87 pr. _ b l m
"" u H n H HN
— ẤJÃ . .. - Ổ'Ì` ig Ee
-X Ờ NH N u “E45
v
»
$
c.
n ¥
ra,
¢’
`
ees
Ÿ
..
s
B.i
<M
atts
SP
vé |
4
. ...v
’_`x
we
..
vớ 4
G ]
— —
Ka,
I
L
s
i
1
oe
%
r
Sas
aS
se
al
x
-.
¬I
..
.
\
a
“SS
] . ỈL;l'.a.. uo.
4,
gus
et.
- eae o4 “Tage | ay “ean
li
¬“
i u
x e m
>
Abra:
by
we |
GE É
|
l n
ve ce eee: a ee
;
w À
4).
- k.3
jt cite i
N Sa OI i . G xuất kộ
U X b u ome:
m - u ,
» s s n
.. OS: : Ƒ u S
nr a — ba L es ae) Reactor pa
nF == jo bey È E à Í i
age - . -. = - Beh E S L ee H
pe
oe
+7.
MỞ
ì
Is
ae
%
Spe
.
tẠ
è .
=
~
T
⁄
v
I
PL ay -
.
S
x
— ¬~
-A Ị
tes.
ˆ ˆ. L . # A c . „ m
Ae rps . t - x .
Fe pee gt tf _
-. i A .. I H T ce
¬
a
* Se
z
ws
S
tn
Ee
`
RAAT
ự ì
hes
Yes
&
à
wR
xØ ,^
ey
i
aa
~~}
=
I
^ fas
we
x i
&
hes
Ú
‘a
N
`,`
ee
—
⁄
v
J
t
H yee
gy
es
jet
at
¬
Ren
- s 1
r..v
ik
ne) hay. we - Y Ò * B L pr) .”À
. votes wee. . g~Ĩ—_v h: a .ề N * :
- x 4 uỄỆ - rey a Baw
_ . T n ~ i CN 2 ; 5 v
m ye, ab A 3 ey.
vw id ee oie Orne ngxưz
v
SN
a
` ae
ky
¢’
hd
. ..
i
`
L
ey°
vans
N
, #
lAN
y`
- “Me
J
—L eS
Keg
a
vow
s
r
-v
..
ant
ag
%
ae
x
..
x)
2 ue
tt
=p
v
=
\
a
Pad
~
ae
a
cil
iy
H
„ 3
ae
“=e
¢,
on t9
4.
eT
> Dor:
. .. i
d
7 5oaee eeeeeeegeee 55ae
in,ieta
L6ngong,udng3,6iin,
inigtan
5oaee eeeeeee,8oe g oa
in,ieta
a L66ngong,uong3,6iinn,
inigtan
etediiaeet
in,ieta
a L6ngong,udng3,6iin,
giinigtan
aun .
ee , on . aoaao:
oiin,tnanoot
in,ieta
Ldngong,u6ng3,6iin,
eeoLetaen
aaieeene
ee
en5e4
oiin,nanoot
in,ieta
4 Ldngong,udng3,6iin,
inLuoae,
ae"
screenshot_1775012904.png,C:\Users\Admin Data\PycharmProjects\pythonProject1\github\Code_python\venv\POI\screenshot_1775012904.png,l | s ; ggng il,"e Ị n GG - n N, 2 . - .. A v | — — Ý v iVờN Q",,,"l |
s ; ggng_
l
i
il
|
|
F
Patt Tt
/
!
|
|
NH
|
|
|
pao
cu x w».
i
|
Í
|
|
t»
|
| if
F
|
|
|
|
.
¡
en
|
e <= 24 @
w. @eo ũ . .
` „ \ ` e u \`_
@
<= 24 @
ì
a
.
~
LÝ me. .. ` a ¬ « ềe.r. ome. mL, ¬ ee MÃ Ry
T
4 Me,
`
ầe. .
. mA, ~™
` »^t
v
. ấu a
; Ñ . - ~.- _
\ v fan -
° (eR Egg ee, - ""ỉii:.^ I - À. à °
. e Ị n GG - n N, 2 . - .. A v | — — Ý v iVờN Q
= =
w
_
-
ì
=
OF
\ Wie.
`
v Lens
— — ree
s ¬“.
› . +À
.Ạ
GC à
l
|
i
I.
AE
ve
= a N
\ .
Ñ ˆ . hand Ñ x NI .
all ‘ln
|
|
Ầ
À
l
|
’/
il
.
I;
:
!
|
}
}
)
Ais
w
Loe
we
ie i .
am
spy wee
ve wire m
Ke
.
— m
0 ..
wa | —
mmm
[ef
»
pị
ail il
an pe
ˆ
IIrl
|
Á
HỊ
{i |
J
lll at
ud
am
I
a"" Ff:
— i |
wa <n
Y*.t..
wr Oe
Mie. à
b
-
—",". ee ee ,
. et eee a ee,
, eae
: e . ,
i
eeen o
.aa .
. o o
.
. a
. . ee . .
ae a
. . . a
. . .
. .
.
t
ie
4 . oo, aee ie ed . 7 oee ae
4 a etenaiea ani ee .
i a ae ea a ggag,anatiaeta, aa
o8 3 . a ge .
7 eaneniion 7, a a
. : . eed
: ote: ago
.o a e 1 ae
: ie... nie, inaaie ae
a
:
ae 7 : . ae .
4 eee o at
. . a eeo. ee .
. i ae a on
. . e i
ag Lo.t. oo :
. oe en eoee 4 .
.
.
t ee eeee
, e ete ,
. . i . oe
a . : 2eL .
eg
: ae a . . ad
ai eee te ee . .
onoae t .
ne 3 a etteee. ne
. . oe Le eae o a. tee eo :
ee , a a 7 :
oo . a ..
. ee : eeae oe oon
. ae eetaieeen a LL :
o eeeenee o e
a ee eo
ee 4 e eeLe . tL
. en : oe
e . aed .
, a a e a, .
. te ,7 ee . on ,
de a eeeae
ad
ee","l |
s ; ggng_
l
i
il
|
|
F
Patt Tt
/
!
|
|
NH
|
|
|
pao
cu x w».
i
|
Í
|
|
t»
|
| if
F
|
|
|
|
.
¡
en
|
e <= 24 @
w. @eo ũ . .
` „ \ ` e u \`_
@
<= 24 @
ì
a
.
~
LÝ me. .. ` a ¬ « ềe.r. ome. mL, ¬ ee MÃ Ry
T
4 Me,
`
ầe. .
. mA, ~™
` »^t
v
. ấu a
; Ñ . - ~.- _
\ v fan -
° (eR Egg ee, - ""ỉii:.^ I - À. à °
. e Ị n GG - n N, 2 . - .. A v | — — Ý v iVờN Q
= =
w
_
-
ì
=
OF
\ Wie.
`
v Lens
— — ree
s ¬“.
› . +À
.Ạ
GC à
l
|
i
I.
AE
ve
= a N
\ .
Ñ ˆ . hand Ñ x NI .
all ‘ln
|
|
Ầ
À
l
|
’/
il
.
I;
:
!
|
}
}
)
Ais
w
Loe
we
ie i .
am
spy wee
ve wire m
Ke
.
— m
0 ..
wa | —
mmm
[ef
»
pị
ail il
an pe
ˆ
IIrl
|
Á
HỊ
{i |
J
lll at
ud
am
I
a"" Ff:
— i |
wa <n
Y*.t..
wr Oe
Mie. à
b
-
—
. ee ee ,
. et eee a ee,
, eae
: e . ,
i
eeen o
.aa .
. o o
.
. a
. . ee . .
ae a
. . . a
. . .
. .
.
t
ie
4 . oo, aee ie ed . 7 oee ae
4 a etenaiea ani ee .
i a ae ea a ggag,anatiaeta, aa
o8 3 . a ge .
7 eaneniion 7, a a
. : . eed
: ote: ago
.o a e 1 ae
: ie... nie, inaaie ae
a
:
ae 7 : . ae .
4 eee o at
. . a eeo. ee .
. i ae a on
. . e i
ag Lo.t. oo :
. oe en eoee 4 .
.
.
t ee eeee
, e ete ,
. . i . oe
a . : 2eL .
eg
: ae a . . ad
ai eee te ee . .
onoae t .
ne 3 a etteee. ne
. . oe Le eae o a. tee eo :
ee , a a 7 :
oo . a ..
. ee : eeae oe oon
. ae eetaieeen a LL :
o eeeenee o e
a ee eo
ee 4 e eeLe . tL
. en : oe
e . aed .
, a a e a, .
. te ,7 ee . on ,
de a eeeae
ad
ee"
